id,title,score,num_comments,author,created_utc,url,over_18,edited,spoiler,stickied
1l4z7bj,I attended a databricks event in Europe,381,36,BadBouncyBear,2025-06-06 18:06:44,https://www.reddit.com/r/dataengineering/comments/1l4z7bj/i_attended_a_databricks_event_in_europe/,True,False,False,False
1l4nr34,onlyProdBitesBack,108,0,op3rator_dec,2025-06-06 09:00:57,https://i.redd.it/auxq3m2yu95f1.png,False,False,False,False
1l4mjnp,I've advanced too quickly and am not sure how to proceed,46,15,SocioGrab743,2025-06-06 07:34:35,https://www.reddit.com/r/dataengineering/comments/1l4mjnp/ive_advanced_too_quickly_and_am_not_sure_how_to/,False,False,False,False
1l4usne,Is Airflow 3 finally competitive with dagster and flyte?,32,44,e_safak,2025-06-06 15:08:27,https://www.reddit.com/r/dataengineering/comments/1l4usne/is_airflow_3_finally_competitive_with_dagster_and/,False,False,False,False
1l4ym6m,Any real dbt practitioners to follow?,25,10,OlimpiqeM,2025-06-06 17:42:55,https://www.reddit.com/r/dataengineering/comments/1l4ym6m/any_real_dbt_practitioners_to_follow/,False,False,False,False
1l4n79a,Review for Data Engineering Academy - Disappointing,25,15,un-related-user,2025-06-06 08:20:41,https://www.reddit.com/r/dataengineering/comments/1l4n79a/review_for_data_engineering_academy_disappointing/,False,False,False,False
1l4k1o6,Stuck in a Fake Data Engineer Title Internship which is a Web Analytics work while learning actual title skills and aim for a Career.....Need Advice,15,6,GarageFederal,2025-06-06 04:52:16,https://www.reddit.com/r/dataengineering/comments/1l4k1o6/stuck_in_a_fake_data_engineer_title_internship/,False,False,False,False
1l4ksvs,Handling a combined Type 2 SCD,11,15,pboswell,2025-06-06 05:38:27,https://www.reddit.com/r/dataengineering/comments/1l4ksvs/handling_a_combined_type_2_scd/,False,False,False,False
1l4l99m,Is Openflow (Apache Nifi) in Snowflake just the previous generation of ETL tools,12,32,kevdash,2025-06-06 06:07:11,https://www.reddit.com/r/dataengineering/comments/1l4l99m/is_openflow_apache_nifi_in_snowflake_just_the/,False,False,False,False
1l4skwp,Looking for a good catalog solution for my organisation,6,11,ParapsychologicalHex,2025-06-06 13:35:15,https://www.reddit.com/r/dataengineering/comments/1l4skwp/looking_for_a_good_catalog_solution_for_my/,False,False,False,False
1l4u0ki,Could a LATAM contractor earn +100k?,9,24,al_coper,2025-06-06 14:36:26,https://www.reddit.com/r/dataengineering/comments/1l4u0ki/could_a_latam_contractor_earn_100k/,False,False,False,False
1l4zcne,Leveling up a data organization,6,0,ratczar,2025-06-06 18:12:33,https://www.reddit.com/r/dataengineering/comments/1l4zcne/leveling_up_a_data_organization/,False,False,False,False
1l4pdjv,Relative simple ETL project on Azure,4,6,skarnl,2025-06-06 10:49:28,https://www.reddit.com/r/dataengineering/comments/1l4pdjv/relative_simple_etl_project_on_azure/,False,False,False,False
1l4hdje,Industry Conference Recommendations,4,5,WonderfulActuator312,2025-06-06 02:26:55,https://www.reddit.com/r/dataengineering/comments/1l4hdje/industry_conference_recommendations/,False,False,False,False
1l4fgxk,First data engineering internship. Am I in my head here?,5,5,Parking_Anteater943,2025-06-06 00:48:09,https://www.reddit.com/r/dataengineering/comments/1l4fgxk/first_data_engineering_internship_am_i_in_my_head/,False,False,False,False
1l4wv4r,Stuck in a “Data Engineer” Internship That’s Actually Web Analytics — Need Advice,3,12,GarageFederal,2025-06-06 16:32:14,https://www.reddit.com/r/dataengineering/comments/1l4wv4r/stuck_in_a_data_engineer_internship_thats/,False,False,False,False
1l4vlol,DE with BI knowledge?,3,2,montezzuma_,2025-06-06 15:41:11,https://www.reddit.com/r/dataengineering/comments/1l4vlol/de_with_bi_knowledge/,False,False,False,False
1l4q34c,Clickhouse in a large-scale user-persoanlized marketing campaign,3,1,Professional-Ant9045,2025-06-06 11:31:05,https://www.reddit.com/r/dataengineering/comments/1l4q34c/clickhouse_in_a_largescale_userpersoanlized/,False,False,False,False
1l4oyax,"SQL Funnels: What Works, What Breaks, and What Actually Scales",3,2,Still-Butterfly-3669,2025-06-06 10:22:07,https://www.reddit.com/r/dataengineering/comments/1l4oyax/sql_funnels_what_works_what_breaks_and_what/,False,False,False,False
1l4nch5,Data Engg or Data Governance,4,1,Kind-Security9137,2025-06-06 08:31:07,https://www.reddit.com/r/dataengineering/comments/1l4nch5/data_engg_or_data_governance/,False,False,False,False
1l4z22q,Databricks Hive metastore federation?,2,1,mksbwn,2025-06-06 18:00:54,https://www.reddit.com/r/dataengineering/comments/1l4z22q/databricks_hive_metastore_federation/,False,False,False,False
1l4t3uf,What’s the correct ETL approach for moving scraped data into a production database?,2,3,suudoe,2025-06-06 13:58:43,https://www.reddit.com/r/dataengineering/comments/1l4t3uf/whats_the_correct_etl_approach_for_moving_scraped/,False,False,False,False
1l52nxv,Need help | Mock Interviews,1,1,Frequent-Rush2320,2025-06-06 20:30:56,https://www.reddit.com/r/dataengineering/comments/1l52nxv/need_help_mock_interviews/,False,False,False,False
1l4r1h9,Data integration tools,1,4,Kolket,2025-06-06 12:22:39,https://www.reddit.com/r/dataengineering/comments/1l4r1h9/data_integration_tools/,False,False,False,False
1l4opnn,Navigating the Data Engineering Transition: 2 YOE from Salesforce to Azure DE in India - Advice Needed,0,2,Healthy_Doughnut_23,2025-06-06 10:06:31,https://www.reddit.com/r/dataengineering/comments/1l4opnn/navigating_the_data_engineering_transition_2_yoe/,False,False,False,False
1l4y8p3,How to stay away from jobs that focus on manipulating SQL,0,39,redditthrowaway0315,2025-06-06 17:27:45,https://www.reddit.com/r/dataengineering/comments/1l4y8p3/how_to_stay_away_from_jobs_that_focus_on/,False,False,False,False
1l4h02e,"Help: My Python Pipeline Converts 0.0...01 to 1e-14, Source Rejects it for Numeric Field",0,15,Ok-Government2456,2025-06-06 02:07:25,https://www.reddit.com/r/dataengineering/comments/1l4h02e/help_my_python_pipeline_converts_0001_to_1e14/,False,False,False,False
1l4eg2l,I broke down Slowly Changing Dimensions (SCDs) for the cloud era. Feedback welcome!,0,7,New-Ship-5404,2025-06-05 23:56:56,https://www.reddit.com/r/dataengineering/comments/1l4eg2l/i_broke_down_slowly_changing_dimensions_scds_for/,False,False,False,False
1l4rjl2,"We cracked ""vibe coding"" for data loading pipelines - free course on LLMs that actually work in production",0,2,Thinker_Assignment,2025-06-06 12:47:40,https://www.reddit.com/r/dataengineering/comments/1l4rjl2/we_cracked_vibe_coding_for_data_loading_pipelines/,False,False,False,False
